Extraversion,Emotional Stability,Agreeableness,Conscientiousness,Openness
3.6666666666666665,2.3333333333333335,2.3333333333333335,4,4.666666666666667
1.3333333333333333,2.6666666666666665,1.6666666666666667,3,1.6666666666666667
