Extraversion,Emotional Stability,Agreeableness,Conscientiousness,Openness
2.3333333333333335,5,4.333333333333333,3,2
5,5,5,5,5
4,3.3333333333333335,4,3.6666666666666665,3.3333333333333335
